,ID_CREATURE,CREATURE_NAME,ID_TYPE_01,TYPE_NAME_01,ID_TYPE_02,TYPE_NAME_02,HP,ATK,DEF,SP ATK,SP DEF,SPD,Total
1,1,Bulbasaur,1,Normal,,,45,49,49,65,65,45,318
2,2,Ivysaur,1,Normal,,,60,62,63,80,80,60,405
3,3,Venusaur,1,Normal,,,80,100,123,120,123,80,626
4,4,Charmander,1,Normal,,,39,52,43,60,50,60,304
5,5,Charmeleon,1,Normal,,,58,64,58,80,65,80,405
6,6,Charizard,1,Normal,,,78,104,78,159,115,100,634
7,7,Squirtle,1,Normal,,,44,48,65,50,64,43,314
8,8,Wartortle,1,Normal,,,59,63,80,65,80,58,405
9,9,Blastoise,1,Normal,,,79,83,100,85,105,78,530
10,10,Caterpie,1,Normal,,,45,30,35,20,20,45,195
11,11,Metapod,1,Normal,,,50,20,55,25,25,30,205
12,12,Butterfree,1,Normal,,,60,45,50,90,80,70,395
13,13,Weedle,1,Normal,,,40,35,30,20,20,50,195
14,14,Kakuna,1,Normal,,,45,25,50,25,25,35,205
15,15,Beedrill,1,Normal,,,65,90,40,45,80,75,395
16,16,Pidgey,1,Normal,,,40,45,40,35,35,56,251
17,17,Pidgeotto,1,Normal,,,63,60,55,50,50,71,349
18,18,Pidgeot,1,Normal,,,83,80,75,70,70,101,479
19,19,Rattata,1,Normal,,,30,56,35,25,35,72,253
20,20,Raticate,1,Normal,,,55,81,60,50,70,97,413
21,21,Spearow,1,Normal,,,40,60,30,31,31,70,262
22,22,Fearow,1,Normal,,,65,90,65,61,61,100,442
23,23,Ekans,1,Normal,,,35,60,44,40,54,55,288
24,24,Arbok,1,Normal,,,60,95,69,65,79,80,448
25,25,Pikachu,1,Normal,,,35,55,40,50,50,90,320
26,26,Raichu,1,Normal,,,60,90,55,90,80,110,485
27,27,Sandshrew,1,Normal,,,50,75,85,20,30,40,300
28,28,Sandslash,1,Normal,,,75,100,110,45,55,65,450
29,29,Nidoran♀,1,Normal,,,55,47,52,40,40,41,275
30,30,Nidorina,1,Normal,,,70,62,67,55,55,56,365
31,31,Nidoqueen,1,Normal,,,90,92,87,75,85,76,505
32,32,Nidoran♂,1,Normal,,,46,57,40,40,40,50,273
33,33,Nidorino,1,Normal,,,61,72,57,55,55,65,365
34,34,Nidoking,1,Normal,,,81,102,77,85,75,85,505
35,35,Clefairy,1,Normal,,,70,45,48,60,65,35,323
36,36,Clefable,1,Normal,,,95,70,73,95,90,60,483
37,37,Vulpix,1,Normal,,,38,41,40,50,65,65,299
38,38,Ninetales,1,Normal,,,73,76,75,81,100,100,505
39,39,Jigglypuff,1,Normal,,,115,45,20,45,25,20,270
40,40,Wigglytuff,1,Normal,,,140,70,45,85,50,45,435
41,41,Zubat,1,Normal,,,40,45,35,30,40,55,245
42,42,Golbat,1,Normal,,,75,80,70,65,75,90,455
43,43,Oddish,1,Normal,,,45,50,55,75,65,30,320
44,44,Gloom,1,Normal,,,60,65,70,85,75,40,395
45,45,Vileplume,1,Normal,,,75,80,85,110,90,50,490
46,46,Paras,1,Normal,,,35,70,55,45,55,25,285
47,47,Parasect,1,Normal,,,60,95,80,60,80,30,405
48,48,Venonat,1,Normal,,,60,55,50,40,55,45,305
49,49,Venomoth,1,Normal,,,70,65,60,90,75,90,450
50,50,Diglett,1,Normal,,,10,55,25,35,45,95,265
51,51,Dugtrio,1,Normal,,,35,100,50,50,70,120,425
52,52,Meowth,1,Normal,,,40,45,35,40,40,90,290
53,53,Persian,1,Normal,,,65,70,60,65,65,115,440
54,54,Psyduck,1,Normal,,,50,52,48,65,50,55,320
55,55,Golduck,1,Normal,,,80,82,78,95,80,85,500
56,56,Mankey,1,Normal,,,40,80,35,35,45,70,305
57,57,Primeape,1,Normal,,,65,105,60,60,70,95,455
58,58,Growlithe,1,Normal,,,55,70,45,70,50,60,350
59,59,Arcanine,1,Normal,,,90,110,80,100,80,95,555
60,60,Poliwag,1,Normal,,,40,50,40,40,40,90,300
61,61,Poliwhirl,1,Normal,,,65,65,65,50,50,90,385
62,62,Poliwrath,1,Normal,,,90,95,95,70,90,70,510
63,63,Abra,1,Normal,,,25,20,15,105,55,90,310
64,64,Kadabra,1,Normal,,,40,35,30,120,70,105,400
65,65,Alakazam,1,Normal,,,55,50,45,135,95,120,500
66,66,Machop,1,Normal,,,70,80,50,35,35,35,305
67,67,Machoke,1,Normal,,,80,100,70,50,60,45,405
68,68,Machamp,1,Normal,,,90,130,80,65,85,55,505
69,69,Bellsprout,1,Normal,,,50,75,35,70,30,40,300
70,70,Weepinbell,1,Normal,,,65,90,50,85,45,55,390
71,71,Victreebel,1,Normal,,,80,105,65,100,70,70,490
72,72,Tentacool,1,Normal,,,40,40,35,50,100,70,335
73,73,Tentacruel,1,Normal,,,80,70,65,80,120,100,515
74,74,Geodude,1,Normal,,,40,80,100,30,30,20,300
75,75,Graveler,1,Normal,,,55,95,115,45,45,35,390
76,76,Golem,1,Normal,,,80,120,130,55,65,45,495
77,77,Ponyta,1,Normal,,,50,85,55,65,65,90,410
78,78,Rapidash,1,Normal,,,65,100,70,80,80,105,500
79,79,Slowpoke,1,Normal,,,90,65,65,40,40,15,315
80,80,Slowbro,1,Normal,,,95,75,110,100,80,30,490
81,81,Magnemite,1,Normal,,,25,35,70,95,55,45,325
82,82,Magneton,1,Normal,,,50,60,95,120,70,70,465
83,83,Farfetch'd,1,Normal,,,52,90,55,58,62,60,377
84,84,Doduo,1,Normal,,,35,85,45,35,35,75,310
85,85,Dodrio,1,Normal,,,60,110,70,60,60,110,470
86,86,Seel,1,Normal,,,65,45,55,45,70,45,325
87,87,Dewgong,1,Normal,,,90,70,80,70,95,70,475
88,88,Grimer,1,Normal,,,80,80,50,40,50,25,325
89,89,Muk,1,Normal,,,105,105,75,65,100,50,500
90,90,Shellder,1,Normal,,,30,65,100,45,25,40,305
91,91,Cloyster,1,Normal,,,50,95,180,85,45,70,525
92,92,Gastly,1,Normal,,,30,35,30,100,35,80,310
93,93,Haunter,1,Normal,,,45,50,45,115,55,95,405
94,94,Gengar,1,Normal,,,60,65,60,130,75,110,500
95,95,Onix,1,Normal,,,35,45,160,30,45,70,385
96,96,Drowzee,1,Normal,,,60,48,45,43,90,42,328
97,97,Hypno,1,Normal,,,85,73,70,73,115,67,483
98,98,Krabby,1,Normal,,,30,105,90,25,25,50,325
99,99,Kingler,1,Normal,,,55,130,115,50,50,75,475
100,100,Voltorb,1,Normal,,,40,30,50,55,55,100,330
101,101,Electrode,1,Normal,,,60,50,70,80,80,150,490
102,102,Exeggcute,1,Normal,,,60,40,80,60,45,40,325
103,103,Exeggutor,1,Normal,,,95,95,85,125,75,55,530
104,104,Cubone,1,Normal,,,50,50,95,40,50,35,320
105,105,Marowak,1,Normal,,,60,80,110,50,80,45,425
106,106,Hitmonlee,1,Normal,,,50,120,53,35,110,87,455
107,107,Hitmonchan,1,Normal,,,50,105,79,35,110,76,455
108,108,Lickitung,1,Normal,,,90,55,75,60,75,30,385
109,109,Koffing,1,Normal,,,40,65,95,60,45,35,340
110,110,Weezing,1,Normal,,,65,90,120,85,70,60,490
111,111,Rhyhorn,1,Normal,,,80,85,95,30,30,25,345
112,112,Rhydon,1,Normal,,,105,130,120,45,45,40,485
113,113,Chansey,1,Normal,,,250,5,5,35,105,50,450
114,114,Tangela,1,Normal,,,65,55,115,100,40,60,435
115,115,Kangaskhan,1,Normal,,,105,95,80,40,80,90,490
116,116,Horsea,1,Normal,,,30,40,70,70,25,60,295
117,117,Seadra,1,Normal,,,55,65,95,95,45,85,440
118,118,Goldeen,1,Normal,,,45,67,60,35,50,63,320
119,119,Seaking,1,Normal,,,80,92,65,65,80,68,450
120,120,Staryu,1,Normal,,,30,45,55,70,55,85,340
121,121,Starmie,1,Normal,,,60,75,85,100,85,115,520
122,122,Mr. Mime,1,Normal,,,40,45,65,100,120,90,460
123,123,Scyther,1,Normal,,,70,110,80,55,80,105,500
124,124,Jynx,1,Normal,,,65,50,35,115,95,95,455
125,125,Electabuzz,1,Normal,,,65,83,57,95,85,105,490
126,126,Magmar,1,Normal,,,65,95,57,100,85,93,495
127,127,Pinsir,1,Normal,,,65,125,100,55,70,85,500
128,128,Tauros,1,Normal,,,75,100,95,40,70,110,490
129,129,Magikarp,1,Normal,,,20,10,55,15,20,80,200
130,130,Gyarados,1,Normal,,,95,125,79,60,100,81,540
131,131,Lapras,1,Normal,,,130,85,80,85,95,60,535
132,132,Ditto,1,Normal,,,48,48,48,48,48,48,288
133,133,Eevee,1,Normal,,,55,55,50,45,65,55,325
134,134,Vaporeon,1,Normal,,,130,65,60,110,95,65,525
135,135,Jolteon,1,Normal,,,65,65,60,110,95,130,525
136,136,Flareon,1,Normal,,,65,130,60,95,110,65,525
137,137,Porygon,1,Normal,,,65,60,70,85,75,40,395
138,138,Omanyte,1,Normal,,,35,40,100,90,55,35,355
139,139,Omastar,1,Normal,,,70,60,125,115,70,55,495
140,140,Kabuto,1,Normal,,,30,80,90,55,45,55,355
141,141,Kabutops,1,Normal,,,60,115,105,65,70,80,495
142,142,Aerodactyl,1,Normal,,,80,105,65,60,75,130,515
143,143,Snorlax,1,Normal,,,160,110,65,65,110,30,540
144,144,Articuno,1,Normal,,,90,85,100,95,125,85,580
145,145,Zapdos,1,Normal,,,90,90,85,125,90,100,580
146,146,Moltres,1,Normal,,,90,100,90,125,85,90,580
147,147,Dratini,1,Normal,,,41,64,45,50,50,50,300
148,148,Dragonair,1,Normal,,,61,84,65,70,70,70,420
149,149,Dragonite,1,Normal,,,91,134,95,100,100,80,600
150,150,Mewtwo,1,Normal,,,106,110,90,154,90,130,680
151,151,Mewtwo,1,Normal,,,100,100,100,100,100,100,600
152,152,Chikorita,1,Normal,,,45,49,65,49,65,45,318
153,153,Bayleef,1,Normal,,,60,62,80,63,80,60,405
154,154,Meganium,1,Normal,,,80,82,100,83,100,80,525
155,155,Cyndaquil,1,Normal,,,39,52,43,60,50,65,309
156,156,Quilava,1,Normal,,,58,64,58,80,65,80,405
157,157,Typhlosion,1,Normal,,,78,84,78,109,85,100,534
158,158,Totodile,1,Normal,,,50,65,64,44,48,43,314
159,159,Croconaw,1,Normal,,,65,80,80,59,63,58,405
160,160,Feraligatr,1,Normal,,,85,105,100,79,83,78,530
161,161,Sentret,1,Normal,,,35,46,34,35,45,20,215
162,162,Furret,1,Normal,,,85,76,64,45,55,90,415
163,163,Hoothoot,1,Normal,,,60,30,30,36,56,50,262
164,164,Noctowl,1,Normal,,,100,50,50,86,96,70,452
165,165,Ledyba,1,Normal,,,40,20,30,40,80,55,265
166,166,Ledian,1,Normal,,,55,35,50,55,110,85,390
167,167,Spinarak,1,Normal,,,40,60,40,40,40,30,250
168,168,Ariados,1,Normal,,,70,90,70,60,70,40,400
169,169,Crobat,1,Normal,,,85,90,80,70,80,130,535
170,170,Chinchou,1,Normal,,,75,38,38,56,56,67,330
171,171,Lanturn,1,Normal,,,125,58,58,76,76,67,460
172,172,Pichu,1,Normal,,,20,40,15,35,35,60,205
173,173,Cleffa,1,Normal,,,50,25,28,45,55,15,218
174,174,Igglybuff,1,Normal,,,90,30,15,40,20,15,210
175,175,Togepi,1,Normal,,,35,20,65,40,65,20,245
176,176,Togetic,1,Normal,,,55,40,85,80,105,40,405
177,177,Natu,1,Normal,,,40,50,45,70,45,70,320
178,178,Xatu,1,Normal,,,65,75,70,95,70,95,470
179,179,Mareep,1,Normal,,,55,40,40,65,45,35,280
180,180,Flaaffy,1,Normal,,,70,55,55,80,60,45,365
181,181,Ampharos,1,Normal,,,90,75,85,115,90,55,510
182,182,Bellossom,1,Normal,,,75,80,95,90,100,50,490
183,183,Marill,1,Normal,,,70,20,50,20,50,40,250
184,184,Azumarill,1,Normal,,,100,50,80,60,80,50,420
185,185,Sudowoodo,1,Normal,,,70,100,115,30,65,30,410
186,186,Politoed,1,Normal,,,90,75,75,90,100,70,500
187,187,Hoppip,1,Normal,,,35,35,40,35,55,50,250
188,188,Skiploom,1,Normal,,,55,45,50,45,65,80,340
189,189,Jumpluff,1,Normal,,,75,55,70,55,95,110,460
190,190,Aipom,1,Normal,,,55,70,55,40,55,85,360
191,191,Sunkern,1,Normal,,,30,30,30,30,30,30,180
192,192,Sunflora,1,Normal,,,75,75,55,105,85,30,425
193,193,Yanma,1,Normal,,,65,65,45,75,45,95,390
194,194,Wooper,1,Normal,,,55,45,45,25,25,15,210
195,195,Quagsire,1,Normal,,,95,85,85,65,65,35,430
196,196,Espeon,1,Normal,,,65,65,60,130,95,110,525
197,197,Umbreon,1,Normal,,,95,65,110,60,130,65,525
198,198,Murkrow,1,Normal,,,60,85,42,85,42,91,405
199,199,Slowking,1,Normal,,,95,75,80,100,110,30,490
200,200,Misdreavus,1,Normal,,,60,60,60,85,85,85,435
201,201,Unown,1,Normal,,,48,72,48,72,48,48,336
202,202,Wobbuffet,1,Normal,,,190,33,58,33,58,33,405
203,203,Girafarig,1,Normal,,,70,80,65,90,65,85,455
204,204,Pineco,1,Normal,,,50,65,90,35,35,15,290
205,205,Forretress,1,Normal,,,75,90,140,60,60,40,465
206,206,Dunsparce,1,Normal,,,100,70,70,65,65,45,415
207,207,Gligar,1,Normal,,,65,75,105,35,65,85,430
208,208,Steelix,1,Normal,,,75,85,200,55,65,30,510
209,209,Snubbull,1,Normal,,,60,80,50,40,40,30,300
210,210,Granbull,1,Normal,,,90,120,75,60,60,45,450
211,211,Qwilfish,1,Normal,,,65,95,85,55,55,85,440
212,212,Scizor,1,Normal,,,70,130,100,55,80,65,500
213,213,Shuckle,1,Normal,,,20,10,230,10,230,5,505
214,214,Heracross,1,Normal,,,80,125,75,40,95,85,500
215,215,Sneasel,1,Normal,,,55,95,55,35,75,115,430
216,216,Teddiursa,1,Normal,,,60,80,50,50,50,40,330
217,217,Ursaring,1,Normal,,,90,130,75,75,75,55,500
218,218,Slugma,1,Normal,,,40,40,40,70,40,20,250
219,219,Magcargo,1,Normal,,,60,50,120,90,80,30,430
220,220,Swinub,1,Normal,,,50,50,40,30,30,50,250
221,221,Piloswine,1,Normal,,,100,100,80,60,60,50,450
222,222,Corsola,1,Normal,,,65,55,95,65,95,35,410
223,223,Remoraid,1,Normal,,,35,65,35,65,35,65,300
224,224,Octillery,1,Normal,,,75,105,75,105,75,45,480
225,225,Delibird,1,Normal,,,45,55,45,65,45,75,330
226,226,Mantine,1,Normal,,,85,40,70,80,140,70,485
227,227,Skarmory,1,Normal,,,65,80,140,40,70,70,465
228,228,Houndour,1,Normal,,,45,60,30,80,50,65,330
229,229,Houndoom,1,Normal,,,75,90,50,110,80,95,500
230,230,Kingdra,1,Normal,,,75,95,95,95,95,85,540
231,231,Phanpy,1,Normal,,,90,60,60,40,40,40,330
232,232,Donphan,1,Normal,,,90,120,120,60,60,50,500
233,233,Porygon2,1,Normal,,,85,80,90,105,95,60,515
234,234,Stantler,1,Normal,,,73,95,62,85,65,85,465
235,235,Smeargle,1,Normal,,,55,20,35,20,45,75,250
236,236,Tyrogue,1,Normal,,,35,35,35,35,35,35,210
237,237,Hitmontop,1,Normal,,,50,95,95,35,110,70,455
238,238,Smoochum,1,Normal,,,45,30,15,85,65,65,305
239,239,Elekid,1,Normal,,,45,63,37,65,55,95,360
240,240,Magby,1,Normal,,,45,75,37,70,55,83,365
241,241,Miltank,1,Normal,,,95,80,105,40,70,100,490
242,242,Blissey,1,Normal,,,255,10,10,75,135,55,540
243,246,Larvitar,1,Normal,,,50,64,50,45,50,41,300
244,247,Pupitar,1,Normal,,,70,84,70,65,70,51,410
245,252,Treecko,1,Normal,,,40,45,35,65,55,70,310
246,253,Grovyle,1,Normal,,,50,65,45,85,65,95,405
247,254,Sceptile,1,Normal,,,70,85,65,105,85,120,530
248,255,Torchic,1,Normal,,,45,60,40,70,50,45,310
249,256,Combusken,1,Normal,,,60,85,60,85,60,55,405
250,257,Blaziken,1,Normal,,,80,120,70,110,70,80,530
251,258,Mudkip,1,Normal,,,50,70,50,50,50,40,310
252,259,Marshtomp,1,Normal,,,70,85,70,60,70,50,405
253,260,Swampert,1,Normal,,,100,110,90,85,90,60,535
254,261,Poochyena,1,Normal,,,35,55,35,30,30,35,220
255,262,Mightyena,1,Normal,,,70,90,70,60,60,70,420
256,263,Zigzagoon,1,Normal,,,38,30,41,30,41,60,240
257,264,Linoone,1,Normal,,,78,70,61,50,61,100,420
258,265,Wurmple,1,Normal,,,45,45,35,20,30,20,195
259,266,Silcoon,1,Normal,,,50,35,55,25,25,15,205
260,267,Beautifly,1,Normal,,,60,70,50,100,50,65,395
261,268,Cascoon,1,Normal,,,50,35,55,25,25,15,205
262,269,Dustox,1,Normal,,,60,50,70,50,90,65,385
263,270,Lotad,1,Normal,,,40,30,30,40,50,30,220
264,271,Lombre,1,Normal,,,60,50,50,60,70,50,340
265,272,Ludicolo,1,Normal,,,80,70,70,90,100,70,480
266,273,Seedot,1,Normal,,,40,40,50,30,30,30,220
267,274,Nuzleaf,1,Normal,,,70,70,40,60,40,60,340
268,275,Shiftry,1,Normal,,,90,100,60,90,60,80,480
269,276,Taillow,1,Normal,,,40,55,30,30,30,85,270
270,277,Swellow,1,Normal,,,60,85,60,75,50,125,455
271,278,Wingull,1,Normal,,,40,30,30,55,30,85,270
272,279,Pelipper,1,Normal,,,60,50,100,95,70,65,440
273,280,Ralts,1,Normal,,,28,25,25,45,35,40,198
274,281,Kirlia,1,Normal,,,38,35,35,65,55,50,278
275,282,Gardevoir,1,Normal,,,68,65,65,125,115,80,518
276,283,Surskit,1,Normal,,,40,30,32,50,52,65,269
277,284,Masquerain,1,Normal,,,70,60,62,100,82,80,454
278,285,Shroomish,1,Normal,,,60,40,60,40,60,35,295
279,286,Breloom,1,Normal,,,60,130,80,60,60,70,460
280,287,Slakoth,1,Normal,,,60,60,60,35,35,30,280
281,288,Vigoroth,1,Normal,,,80,80,80,55,55,90,440
282,290,Nincada,1,Normal,,,31,45,90,30,30,40,266
283,291,Ninjask,1,Normal,,,61,90,45,50,50,160,456
284,292,Shedinja,1,Normal,,,1,90,45,30,30,40,236
285,293,Whismur,1,Normal,,,64,51,23,51,23,28,240
286,294,Loudred,1,Normal,,,84,71,43,71,43,48,360
287,295,Exploud,1,Normal,,,104,91,63,91,73,68,490
288,296,Makuhita,1,Normal,,,72,60,30,20,30,25,237
289,297,Hariyama,1,Normal,,,144,120,60,40,60,50,474
290,298,Azurill,1,Normal,,,50,20,40,20,40,20,190
291,299,Nosepass,1,Normal,,,30,45,135,45,90,30,375
292,300,Skitty,1,Normal,,,50,45,45,35,35,50,260
293,301,Delcatty,1,Normal,,,70,65,65,55,55,90,400
294,302,Sableye,1,Normal,,,50,75,75,65,65,50,380
295,303,Mawile,1,Normal,,,50,85,85,55,55,50,380
296,304,Aron,1,Normal,,,50,70,100,40,40,30,330
297,305,Lairon,1,Normal,,,60,90,140,50,50,40,430
298,306,Aggron,1,Normal,,,70,110,180,60,60,50,530
299,307,Meditite,1,Normal,,,30,40,55,40,55,60,280
300,308,Medicham,1,Normal,,,60,60,75,60,75,80,410
301,309,Electrike,1,Normal,,,40,45,40,65,40,65,295
302,310,Manectric,1,Normal,,,70,75,60,105,60,105,475
303,311,Plusle,1,Normal,,,60,50,40,85,75,95,405
304,312,Minun,1,Normal,,,60,40,50,75,85,95,405
305,313,Volbeat,1,Normal,,,65,73,75,47,85,85,430
306,314,Illumise,1,Normal,,,65,47,75,73,85,85,430
307,315,Roselia,1,Normal,,,50,60,45,100,80,65,400
308,316,Gulpin,1,Normal,,,70,43,53,43,53,40,302
309,317,Swalot,1,Normal,,,100,73,83,73,83,55,467
310,318,Carvanha,1,Normal,,,45,90,20,65,20,65,305
311,319,Sharpedo,1,Normal,,,70,120,40,95,40,95,460
312,320,Wailmer,1,Normal,,,130,70,35,70,35,60,400
313,321,Wailord,1,Normal,,,170,90,45,90,45,60,500
314,322,Numel,1,Normal,,,60,60,40,65,45,35,305
315,323,Camerupt,1,Normal,,,70,100,70,105,75,40,460
316,324,Torkoal,1,Normal,,,70,85,140,85,70,20,470
317,325,Spoink,1,Normal,,,60,25,35,70,80,60,330
318,326,Grumpig,1,Normal,,,80,45,65,90,110,80,470
319,327,Spinda,1,Normal,,,60,60,60,60,60,60,360
320,328,Trapinch,1,Normal,,,45,100,45,45,45,10,290
321,329,Vibrava,1,Normal,,,50,70,50,50,50,70,340
322,330,Flygon,1,Normal,,,80,100,80,80,80,100,520
323,331,Cacnea,1,Normal,,,50,85,40,85,40,35,335
324,332,Cacturne,1,Normal,,,70,115,60,115,60,55,475
325,333,Swablu,1,Normal,,,45,40,60,40,75,50,310
326,334,Altaria,1,Normal,,,75,70,90,70,105,80,490
327,335,Zangoose,1,Normal,,,73,115,60,60,60,90,458
328,336,Seviper,1,Normal,,,73,100,60,100,60,65,458
329,337,Lunatone,1,Normal,,,90,55,65,95,85,70,460
330,338,Solrock,1,Normal,,,90,95,85,55,65,70,460
331,339,Barboach,1,Normal,,,50,48,43,46,41,60,288
332,340,Whiscash,1,Normal,,,110,78,73,76,71,60,468
333,341,Corphish,1,Normal,,,43,80,65,50,35,35,308
334,342,Crawdaunt,1,Normal,,,63,120,85,90,55,55,468
335,343,Baltoy,1,Normal,,,40,40,55,40,70,55,300
336,344,Claydol,1,Normal,,,60,70,105,70,120,75,500
337,345,Lileep,1,Normal,,,66,41,77,61,87,23,355
338,346,Cradily,1,Normal,,,86,81,97,81,107,43,495
339,347,Anorith,1,Normal,,,45,95,50,40,50,75,355
340,348,Armaldo,1,Normal,,,75,125,100,70,80,45,495
341,349,Feebas,1,Normal,,,20,15,20,10,55,80,200
342,350,Milotic,1,Normal,,,95,60,79,100,125,81,540
343,351,Castform,1,Normal,,,70,70,70,70,70,70,420
344,351,Castform (Sunny),1,Normal,,,70,70,70,70,70,70,420
345,351,Castform (Snowy),1,Normal,,,70,70,70,70,70,70,420
346,351,Castform (Rainy),1,Normal,,,70,70,70,70,70,70,420
347,352,Kecleon,1,Normal,,,60,90,70,60,120,40,440
348,353,Shuppet,1,Normal,,,44,75,35,63,33,45,295
349,354,Banette,1,Normal,,,64,115,65,83,63,65,455
350,355,Duskull,1,Normal,,,20,40,90,30,90,25,295
351,356,Dusclops,1,Normal,,,40,70,130,60,130,25,455
352,357,Tropius,1,Normal,,,99,68,83,72,87,51,460
353,358,Chimecho,1,Normal,,,75,50,80,95,90,65,455
354,359,Absol,1,Normal,,,65,130,60,75,60,75,465
355,360,Wynaut,1,Normal,,,95,23,48,23,48,23,260
356,361,Snorunt,1,Normal,,,50,50,50,50,50,50,300
357,362,Glalie,1,Normal,,,80,80,80,80,80,80,480
358,363,Spheal,1,Normal,,,70,40,50,55,50,25,290
359,364,Sealeo,1,Normal,,,90,60,70,75,70,45,410
360,365,Walrein,1,Normal,,,110,80,90,95,90,65,530
361,366,Clamperl,1,Normal,,,35,64,85,74,55,32,345
362,367,Huntail,1,Normal,,,55,104,105,94,75,52,485
363,368,Gorebyss,1,Normal,,,55,84,105,114,75,52,485
364,369,Relicanth,1,Normal,,,100,90,130,45,65,55,485
365,370,Luvdisc,1,Normal,,,43,30,55,40,65,97,330
366,371,Bagon,1,Normal,,,45,75,60,40,30,50,300
367,372,Shelgon,1,Normal,,,65,95,100,60,50,50,420
368,374,Beldum,1,Normal,,,40,55,80,35,60,30,300
369,375,Metang,1,Normal,,,60,75,100,55,80,50,420
370,387,Turtwig,1,Normal,,,55,68,64,45,55,31,318
371,388,Grotle,1,Normal,,,75,89,85,55,65,36,405
372,389,Torterra,1,Normal,,,95,109,105,75,85,56,525
373,390,Chimchar,1,Normal,,,44,58,44,58,44,61,309
374,391,Monferno,1,Normal,,,64,78,52,78,52,81,405
375,392,Infernape,1,Normal,,,76,104,71,104,71,108,534
376,393,Piplup,1,Normal,,,53,51,53,61,56,40,314
377,394,Prinplup,1,Normal,,,64,66,68,81,76,50,405
378,395,Empoleon,1,Normal,,,84,86,88,111,101,60,530
379,396,Starly,1,Normal,,,40,55,30,30,30,60,245
380,397,Staravia,1,Normal,,,55,75,50,40,40,80,340
381,398,Staraptor,1,Normal,,,85,120,70,50,60,100,485
382,399,Bidoof,1,Normal,,,59,45,40,35,40,31,250
383,400,Bibarel,1,Normal,,,79,85,60,55,60,71,410
384,401,Kricketot,1,Normal,,,37,25,41,25,41,25,194
385,402,Kricketune,1,Normal,,,77,85,51,55,51,65,384
386,403,Shinx,1,Normal,,,45,65,34,40,34,45,263
387,404,Luxio,1,Normal,,,60,85,49,60,49,60,363
388,405,Luxray,1,Normal,,,80,120,79,95,79,70,523
389,406,Budew,1,Normal,,,40,30,35,50,70,55,280
390,407,Roserade,1,Normal,,,60,70,65,125,105,90,515
391,408,Cranidos,1,Normal,,,67,125,40,30,30,58,350
392,409,Rampardos,1,Normal,,,97,165,60,65,50,58,495
393,410,Shieldon,1,Normal,,,30,42,118,42,88,30,350
394,411,Bastiodon,1,Normal,,,60,52,168,47,138,30,495
395,412,Burmy,1,Normal,,,40,29,45,29,45,36,224
396,413,Wormadam (Plant Cloak),1,Normal,,,60,59,85,79,105,36,424
397,413,Wormadam (Trash Cloak),1,Normal,,,60,69,95,69,95,36,424
398,413,Wormadam (Sandy Cloak),1,Normal,,,60,79,105,59,85,36,424
399,414,Mothim,1,Normal,,,70,94,50,94,50,66,424
400,415,Combee,1,Normal,,,30,30,42,30,42,70,244
401,416,Vespiquen,1,Normal,,,70,80,102,80,102,40,474
402,417,Pachirisu,1,Normal,,,60,45,70,45,90,95,405
403,418,Buizel,1,Normal,,,55,65,35,60,30,85,330
404,419,Floatzel,1,Normal,,,85,105,55,85,50,115,495
405,420,Cherubi,1,Normal,,,45,35,45,62,53,35,275
406,421,Cherrim,1,Normal,,,70,60,70,87,78,85,450
407,422,Shellos,1,Normal,,,76,48,48,57,62,34,325
408,423,Gastrodon,1,Normal,,,111,83,68,92,82,39,475
409,424,Ambipom,1,Normal,,,75,100,66,60,66,115,482
410,425,Drifloon,1,Normal,,,90,50,34,60,44,70,348
411,426,Drifblim,1,Normal,,,150,80,44,90,54,80,498
412,427,Buneary,1,Normal,,,55,66,44,44,56,85,350
413,428,Lopunny,1,Normal,,,65,76,84,54,96,105,480
414,429,Mismagius,1,Normal,,,60,60,60,105,105,105,495
415,430,Honchkrow,1,Normal,,,100,125,52,105,52,71,505
416,431,Glameow,1,Normal,,,49,55,42,42,37,85,310
417,432,Purugly,1,Normal,,,71,82,64,64,59,112,452
418,433,Chingling,1,Normal,,,45,30,50,65,50,45,285
419,434,Stunky,1,Normal,,,63,63,47,41,41,74,329
420,435,Skuntank,1,Normal,,,103,93,67,71,61,84,479
421,436,Bronzor,1,Normal,,,57,24,86,24,86,23,300
422,437,Bronzong,1,Normal,,,67,89,116,79,116,33,500
423,438,Bonsly,1,Normal,,,50,80,95,10,45,10,290
424,439,Mime Jr.,1,Normal,,,20,25,45,70,90,60,310
425,440,Happiny,1,Normal,,,100,5,5,15,65,30,220
426,441,Chatot,1,Normal,,,76,65,45,92,42,91,411
427,442,Spiritomb,1,Normal,,,50,92,108,92,108,35,485
428,443,Gible,1,Normal,,,58,70,45,40,45,42,300
429,444,Gabite,1,Normal,,,68,90,65,50,55,82,410
430,446,Munchlax,1,Normal,,,135,85,40,40,85,5,390
431,447,Riolu,1,Normal,,,40,70,40,35,40,60,285
432,448,Lucario,1,Normal,,,70,110,70,115,70,90,525
433,449,Hippopotas,1,Normal,,,68,72,78,38,42,32,330
434,450,Hippowdon,1,Normal,,,108,112,118,68,72,47,525
435,451,Skorupi,1,Normal,,,40,50,90,30,55,65,330
436,452,Drapion,1,Normal,,,70,90,110,60,75,95,500
437,453,Croagunk,1,Normal,,,48,61,40,61,40,50,300
438,454,Toxicroak,1,Normal,,,83,106,65,86,65,85,490
439,455,Carnivine,1,Normal,,,74,100,72,90,72,46,454
440,456,Finneon,1,Normal,,,49,49,56,49,61,66,330
441,457,Lumineon,1,Normal,,,69,69,76,69,86,91,460
442,458,Mantyke,1,Normal,,,45,20,50,60,120,50,345
443,459,Snover,1,Normal,,,60,62,50,62,60,40,334
444,460,Abomasnow,1,Normal,,,90,92,75,92,85,60,494
445,461,Weavile,1,Normal,,,70,120,65,45,85,125,510
446,462,Magnezone,1,Normal,,,70,70,115,130,90,60,535
447,463,Lickilicky,1,Normal,,,110,85,95,80,95,50,515
448,464,Rhyperior,1,Normal,,,115,140,130,55,55,40,535
449,465,Tangrowth,1,Normal,,,100,100,125,110,50,50,535
450,466,Electivire,1,Normal,,,75,123,67,95,85,95,540
451,467,Magmortar,1,Normal,,,75,95,67,125,95,83,540
452,468,Togekiss,1,Normal,,,85,50,95,120,115,80,545
453,469,Yanmega,1,Normal,,,86,76,86,116,56,95,515
454,470,Leafeon,1,Normal,,,65,110,130,60,65,95,525
455,471,Glaceon,1,Normal,,,65,60,110,130,95,65,525
456,472,Gliscor,1,Normal,,,75,95,125,45,75,95,510
457,473,Mamoswine,1,Normal,,,110,130,80,70,60,80,530
458,474,Porygon-Z,1,Normal,,,85,80,70,135,75,90,535
459,475,Gallade,1,Normal,,,68,125,65,65,115,80,518
460,476,Probopass,1,Normal,,,60,55,145,75,150,40,525
461,477,Dusknoir,1,Normal,,,45,100,135,65,135,45,525
462,478,Froslass,1,Normal,,,70,80,70,80,70,110,480
463,479,Rotom,1,Normal,,,50,50,77,95,77,91,440
464,479,Rotom (Mow),1,Normal,,,50,65,107,105,107,86,520
465,479,Rotom (Wash),1,Normal,,,50,65,107,105,107,86,520
466,479,Rotom (Frost),1,Normal,,,50,65,107,105,107,86,520
467,479,Rotom (Heat),1,Normal,,,50,65,107,105,107,86,520
468,479,Rotom (Fan),1,Normal,,,50,65,107,105,107,86,520
469,489,Phione,1,Normal,,,80,80,80,80,80,80,480
470,495,Snivy,1,Normal,,,45,45,55,45,55,63,308
471,496,Servine,1,Normal,,,60,60,75,60,75,83,413
472,497,Serperior,1,Normal,,,75,75,95,75,95,113,528
473,498,Tepig,1,Normal,,,65,63,45,45,45,45,308
474,499,Pignite,1,Normal,,,90,93,55,70,55,55,418
475,500,Emboar,1,Normal,,,110,123,65,100,65,65,528
476,501,Oshawott,1,Normal,,,55,55,45,63,45,45,308
477,502,Dewott,1,Normal,,,75,75,60,83,60,60,413
478,503,Samurott,1,Normal,,,95,100,85,108,70,70,528
479,504,Patrat,1,Normal,,,45,55,39,35,39,42,255
480,505,Watchog,1,Normal,,,60,85,69,60,69,77,420
481,506,Lillipup,1,Normal,,,45,60,45,25,45,55,275
482,507,Herdier,1,Normal,,,65,80,65,35,65,60,370
483,508,Stoutland,1,Normal,,,85,110,90,45,90,80,500
484,509,Purrloin,1,Normal,,,41,50,37,50,37,66,281
485,510,Liepard,1,Normal,,,64,88,50,88,50,106,446
486,511,Pansage,1,Normal,,,50,53,48,53,48,64,316
487,512,Simisage,1,Normal,,,75,98,63,98,63,101,498
488,513,Pansear,1,Normal,,,50,53,48,53,48,64,316
489,514,Simisear,1,Normal,,,75,98,63,98,63,101,498
490,515,Panpour,1,Normal,,,50,53,48,53,48,64,316
491,516,Simipour,1,Normal,,,75,98,63,98,63,101,498
492,517,Munna,1,Normal,,,76,25,45,67,55,24,292
493,518,Musharna,1,Normal,,,116,55,85,107,95,29,487
494,519,Pidove,1,Normal,,,50,55,50,36,30,43,264
495,520,Tranquill,1,Normal,,,62,77,62,50,42,65,358
496,521,Unfezant,1,Normal,,,80,115,80,65,55,93,488
497,522,Blitzle,1,Normal,,,45,60,32,50,32,76,295
498,523,Zebstrika,1,Normal,,,75,100,63,80,63,116,497
499,524,Roggenrola,1,Normal,,,55,75,85,25,25,15,280
500,525,Boldore,1,Normal,,,70,105,105,50,40,20,390
501,526,Gigalith,1,Normal,,,85,135,130,60,80,25,515
502,527,Woobat,1,Normal,,,65,45,43,55,43,72,323
503,528,Swoobat,1,Normal,,,67,57,55,77,55,114,425
504,529,Drilbur,1,Normal,,,60,85,40,30,45,68,328
505,530,Excadrill,1,Normal,,,110,135,60,50,65,88,508
506,531,Audino,1,Normal,,,103,60,86,60,86,50,445
507,532,Timburr,1,Normal,,,75,80,55,25,35,35,305
508,533,Gurdurr,1,Normal,,,85,105,85,40,50,40,405
509,534,Conkeldurr,1,Normal,,,105,140,95,55,65,45,505
510,535,Tympole,1,Normal,,,50,50,40,50,40,64,294
511,536,Palpitoad,1,Normal,,,75,65,55,65,55,69,384
512,537,Seismitoad,1,Normal,,,105,95,75,85,75,74,509
513,538,Throh,1,Normal,,,120,100,85,30,85,45,465
514,539,Sawk,1,Normal,,,75,125,75,30,75,85,465
515,540,Sewaddle,1,Normal,,,45,53,70,40,60,42,310
516,541,Swadloon,1,Normal,,,55,63,90,50,80,42,380
517,542,Leavanny,1,Normal,,,75,103,80,70,80,92,500
518,543,Venipede,1,Normal,,,30,45,59,30,39,57,260
519,544,Whirlipede,1,Normal,,,40,55,99,40,79,47,360
520,545,Scolipede,1,Normal,,,60,100,89,55,69,112,485
521,546,Cottonee,1,Normal,,,40,27,60,37,50,66,280
522,547,Whimsicott,1,Normal,,,60,67,85,77,75,116,480
523,548,Petilil,1,Normal,,,45,35,50,70,50,30,280
524,549,Lilligant,1,Normal,,,70,60,75,110,75,90,480
525,550,Basculin,1,Normal,,,70,92,65,80,55,98,460
526,551,Sandile,1,Normal,,,50,72,35,35,35,65,292
527,552,Krokorok,1,Normal,,,60,82,45,45,45,74,351
528,553,Krookodile,1,Normal,,,95,117,80,65,70,92,519
529,554,Darumaka,1,Normal,,,70,90,45,15,45,50,315
530,555,Darmanitan (Standard Mode),1,Normal,,,105,140,55,30,55,95,480
531,555,Darmanitan (Zen Mode),1,Normal,,,105,30,105,140,105,55,540
532,556,Maractus,1,Normal,,,75,86,67,106,67,60,461
533,557,Dwebble,1,Normal,,,50,65,85,35,35,55,325
534,558,Crustle,1,Normal,,,70,105,125,65,75,45,485
535,559,Scraggy,1,Normal,,,50,75,70,35,70,48,348
536,560,Scrafty,1,Normal,,,65,90,115,45,115,58,488
537,561,Sigilyph,1,Normal,,,72,58,80,103,80,97,490
538,562,Yamask,1,Normal,,,38,30,85,55,65,30,303
539,563,Cofagrigus,1,Normal,,,58,50,145,95,105,30,483
540,564,Tirtouga,1,Normal,,,54,78,103,53,45,22,355
541,565,Carracosta,1,Normal,,,74,108,133,83,65,32,495
542,566,Archen,1,Normal,,,55,112,45,74,45,70,401
543,567,Archeops,1,Normal,,,75,140,65,112,65,110,567
544,568,Trubbish,1,Normal,,,50,50,62,40,62,65,329
545,569,Garbodor,1,Normal,,,80,95,82,60,82,75,474
546,570,Zorua,1,Normal,,,40,65,40,80,40,65,330
547,571,Zoroark,1,Normal,,,60,105,60,120,60,105,510
548,572,Minccino,1,Normal,,,55,50,40,40,40,75,300
549,573,Cinccino,1,Normal,,,75,95,60,65,60,115,470
550,574,Gothita,1,Normal,,,45,30,50,55,65,45,290
551,575,Gothorita,1,Normal,,,60,45,70,75,85,55,390
552,576,Gothitelle,1,Normal,,,70,55,95,95,110,65,490
553,577,Solosis,1,Normal,,,45,30,40,105,50,20,290
554,578,Duosion,1,Normal,,,65,40,50,125,60,30,370
555,579,Reuniclus,1,Normal,,,110,65,75,125,85,30,490
556,580,Ducklett,1,Normal,,,62,44,50,44,50,55,305
557,581,Swanna,1,Normal,,,75,87,63,87,63,98,473
558,582,Vanillite,1,Normal,,,36,50,50,65,60,44,305
559,583,Vanillish,1,Normal,,,51,65,65,80,75,59,395
560,584,Vanilluxe,1,Normal,,,71,95,85,110,95,79,535
561,585,Deerling,1,Normal,,,60,60,50,40,50,75,335
562,586,Sawsbuck,1,Normal,,,80,100,70,60,70,95,475
563,587,Emolga,1,Normal,,,55,75,60,75,60,103,428
564,588,Karrablast,1,Normal,,,50,75,45,40,45,60,315
565,589,Escavalier,1,Normal,,,70,135,105,60,105,20,495
566,590,Foongus,1,Normal,,,69,55,45,55,55,15,294
567,591,Amoonguss,1,Normal,,,114,85,70,85,80,30,464
568,592,Frillish,1,Normal,,,55,40,50,65,85,40,335
569,593,Jellicent,1,Normal,,,100,60,70,85,105,60,480
570,594,Alomomola,1,Normal,,,165,75,80,40,45,65,470
571,595,Joltik,1,Normal,,,50,47,50,57,50,65,319
572,596,Galvantula,1,Normal,,,70,77,60,97,60,108,472
573,597,Ferroseed,1,Normal,,,44,50,91,24,86,10,305
574,598,Ferrothorn,1,Normal,,,74,94,131,54,116,20,489
575,599,Klink,1,Normal,,,40,55,70,45,60,30,300
576,600,Klang,1,Normal,,,60,80,95,70,85,50,440
577,601,Klinklang,1,Normal,,,60,100,115,70,85,90,520
578,602,Tynamo,1,Normal,,,35,55,40,45,40,60,275
579,603,Eelektrik,1,Normal,,,65,85,70,75,70,40,405
580,604,Eelektross,1,Normal,,,85,115,80,105,80,50,515
581,605,Elgyem,1,Normal,,,55,55,55,85,55,30,335
582,606,Beheeyem,1,Normal,,,75,75,75,125,95,40,485
583,607,Litwick,1,Normal,,,50,30,55,65,55,20,275
584,608,Lampent,1,Normal,,,60,40,60,95,60,55,370
585,609,Chandelure,1,Normal,,,60,55,90,145,90,80,520
586,610,Axew,1,Normal,,,46,87,60,30,40,57,320
587,611,Fraxure,1,Normal,,,66,117,70,40,50,67,410
588,612,Haxorus,1,Normal,,,76,147,90,60,70,97,540
589,613,Cubchoo,1,Normal,,,55,70,40,60,40,40,305
590,614,Beartic,1,Normal,,,95,130,80,70,80,50,505
591,615,Cryogonal,1,Normal,,,80,50,50,95,135,105,515
592,616,Shelmet,1,Normal,,,50,40,85,40,65,25,305
593,617,Accelgor,1,Normal,,,80,70,40,100,60,145,495
594,618,Stunfisk,1,Normal,,,109,66,84,81,99,32,471
595,619,Mienfoo,1,Normal,,,45,85,50,55,50,65,350
596,620,Mienshao,1,Normal,,,65,125,60,95,60,105,510
597,621,Druddigon,1,Normal,,,77,120,90,60,90,48,485
598,622,Golett,1,Normal,,,59,74,50,35,50,35,303
599,623,Golurk,1,Normal,,,89,124,80,55,80,55,483
600,624,Pawniard,1,Normal,,,45,85,70,40,40,60,340
601,625,Bisharp,1,Normal,,,65,125,100,60,70,70,490
602,626,Bouffalant,1,Normal,,,95,110,95,40,95,55,490
603,627,Rufflet,1,Normal,,,70,83,50,37,50,60,350
604,628,Braviary,1,Normal,,,100,123,75,57,75,80,510
605,629,Vullaby,1,Normal,,,70,55,75,45,65,60,370
606,630,Mandibuzz,1,Normal,,,110,65,105,55,95,80,510
607,631,Heatmor,1,Normal,,,85,97,66,105,66,65,484
608,632,Durant,1,Normal,,,58,109,112,48,48,109,484
609,633,Deino,1,Normal,,,52,65,50,45,50,38,300
610,634,Zweilous,1,Normal,,,72,85,70,65,70,58,420
611,636,Larvesta,1,Normal,,,55,85,55,50,55,60,360
612,637,Volcarona,1,Normal,,,85,60,65,135,105,100,550
613,650,Chespin,1,Normal,,,56,61,65,48,45,38,313
614,651,Quilladin,1,Normal,,,61,78,95,56,58,57,405
615,652,Chesnaught,1,Normal,,,88,107,122,74,75,64,530
616,653,Fennekin,1,Normal,,,40,45,40,62,60,60,307
617,654,Braixen,1,Normal,,,59,59,58,90,70,73,409
618,655,Delphox,1,Normal,,,75,69,72,114,100,104,534
619,656,Froakie,1,Normal,,,41,56,40,62,44,71,314
620,657,Frogadier,1,Normal,,,54,63,52,83,56,97,405
621,658,Greninja,1,Normal,,,72,95,67,103,71,122,530
622,659,Bunnelby,1,Normal,,,38,36,38,32,36,57,237
623,660,Diggersby,1,Normal,,,85,56,77,50,77,78,423
624,661,Fletchling,1,Normal,,,45,50,43,40,38,62,278
625,662,Fletchinder,1,Normal,,,62,73,55,56,52,84,382
626,663,Talonflame,1,Normal,,,78,81,71,74,69,126,499
627,664,Scatterbug,1,Normal,,,38,35,40,27,25,35,200
628,665,Spewpa,1,Normal,,,45,22,60,27,30,29,213
629,666,Vivillon,1,Normal,,,80,52,50,90,50,89,411
630,667,Litleo,1,Normal,,,62,50,58,73,54,72,369
631,668,Pyroar,1,Normal,,,86,68,72,109,66,106,507
632,669,Flabébé,1,Normal,,,44,38,39,61,79,42,303
633,670,Floette,1,Normal,,,54,45,47,75,98,52,371
634,671,Florges,1,Normal,,,78,65,68,112,154,75,552
635,672,Skiddo,1,Normal,,,66,65,48,62,57,52,350
636,673,Gogoat,1,Normal,,,123,100,62,97,81,68,531
637,674,Pancham,1,Normal,,,67,82,62,46,48,43,348
638,675,Pangoro,1,Normal,,,95,124,78,69,71,58,495
639,676,Furfrou,1,Normal,,,75,80,60,65,90,102,472
640,677,Espurr,1,Normal,,,62,48,54,63,60,68,355
641,678,Meowstic,1,Normal,,,74,48,76,83,81,104,466
642,679,Honedge,1,Normal,,,45,80,100,35,37,28,325
643,680,Doublade,1,Normal,,,59,110,150,45,49,35,448
644,681,Aegislash (Shield Forme),1,Normal,,,60,50,150,50,150,60,520
645,681,Aegislash (Blade Forme),1,Normal,,,60,150,50,150,50,60,520
646,682,Spritzee,1,Normal,,,78,52,60,63,65,23,341
647,683,Aromatisse,1,Normal,,,101,72,72,99,89,29,462
648,684,Swirlix,1,Normal,,,62,48,66,59,57,49,341
649,685,Slurpuff,1,Normal,,,82,80,86,85,75,72,480
650,686,Inkay,1,Normal,,,53,54,53,37,46,45,288
651,687,Malamar,1,Normal,,,86,92,88,68,75,73,482
652,688,Binacle,1,Normal,,,42,52,67,39,56,50,306
653,689,Barbaracle,1,Normal,,,72,105,115,54,86,68,500
654,690,Skrelp,1,Normal,,,50,60,60,60,60,30,320
655,691,Dragalge,1,Normal,,,65,75,90,97,123,44,494
656,692,Clauncher,1,Normal,,,50,53,62,58,63,44,330
657,693,Clawitzer,1,Normal,,,71,73,88,120,89,59,500
658,694,Helioptile,1,Normal,,,44,38,33,61,43,70,289
659,695,Heliolisk,1,Normal,,,62,55,52,109,94,109,481
660,696,Tyrunt,1,Normal,,,58,89,77,45,45,48,362
661,697,Tyrantrum,1,Normal,,,82,121,119,69,59,71,521
662,698,Amaura,1,Normal,,,77,59,50,67,63,46,362
663,699,Aurorus,1,Normal,,,123,77,72,99,92,58,521
664,700,Sylveon,1,Normal,,,95,65,65,110,130,60,525
665,701,Hawlucha,1,Normal,,,78,92,75,74,63,118,500
666,702,Dedenne,1,Normal,,,67,58,57,81,67,101,431
667,703,Carbink,1,Normal,,,50,50,150,50,150,50,500
668,704,Goomy,1,Normal,,,45,50,35,55,75,40,300
669,705,Sliggoo,1,Normal,,,68,75,53,83,113,60,452
670,707,Klefki,1,Normal,,,57,80,91,80,87,75,470
671,708,Phantump,1,Normal,,,43,70,48,50,60,38,309
672,709,Trevenant,1,Normal,,,85,110,76,65,82,56,474
673,710,Pumpkaboo (Small Size),1,Normal,,,44,66,70,44,55,56,335
674,710,Pumpkaboo (Average Size),1,Normal,,,49,66,70,44,55,51,335
675,710,Pumpkaboo (Large Size),1,Normal,,,54,66,70,44,55,46,335
676,710,Pumpkaboo (Super Size),1,Normal,,,59,66,70,44,55,41,335
677,711,Gourgeist (Small Size),1,Normal,,,55,85,122,58,75,99,494
678,711,Gourgeist (Average Size),1,Normal,,,65,90,122,58,75,84,494
679,711,Gourgeist (Large Size),1,Normal,,,75,95,122,58,75,69,494
680,711,Gourgeist (Super Size),1,Normal,,,85,100,122,58,75,54,494
681,712,Bergmite,1,Normal,,,55,69,85,32,35,28,304
682,713,Avalugg,1,Normal,,,95,117,184,44,46,28,514
683,714,Noibat,1,Normal,,,40,30,35,45,40,55,245
684,715,Noivern,1,Normal,,,85,70,80,97,80,123,535
685,718,Zygarde (10% Forme),1,Normal,,,54,100,71,61,85,115,486
686,722,Rowlet,1,Normal,,,68,55,55,50,50,42,320
687,723,Dartrix,1,Normal,,,78,75,75,70,70,52,420
688,724,Decidueye,1,Normal,,,78,107,75,100,100,70,530
689,725,Litten,1,Normal,,,45,65,40,60,40,70,320
690,726,Torracat,1,Normal,,,65,85,50,80,50,90,420
691,727,Incineroar,1,Normal,,,95,115,90,80,90,60,530
692,728,Popplio,1,Normal,,,50,54,54,66,56,40,320
693,729,Brionne,1,Normal,,,60,69,69,91,81,50,420
694,730,Primarina,1,Normal,,,80,74,74,126,116,60,530
695,731,Pikipek,1,Normal,,,35,75,30,30,30,65,265
696,732,Trumbeak,1,Normal,,,55,85,50,40,50,75,355
697,733,Toucannon,1,Normal,,,80,120,75,75,75,60,485
698,734,Yungoos,1,Normal,,,48,70,30,30,30,45,253
699,735,Gumshoos,1,Normal,,,88,110,60,55,60,45,418
700,736,Grubbin,1,Normal,,,47,62,45,55,45,46,300
701,737,Charjabug,1,Normal,,,57,82,95,55,75,36,400
702,738,Vikavolt,1,Normal,,,77,70,90,145,75,43,500
703,739,Crabrawler,1,Normal,,,47,82,57,42,47,63,338
704,740,Crabominable,1,Normal,,,97,132,77,62,67,43,478
705,741,Oricorio (Baile Style),1,Normal,,,75,70,70,98,70,93,476
706,741,Oricorio (Pom-Pom Style),1,Normal,,,75,70,70,98,70,93,476
707,741,Oricorio (Pa'u Style),1,Normal,,,75,70,70,98,70,93,476
708,741,Oricorio (Sensu Style),1,Normal,,,75,70,70,98,70,93,476
709,742,Cutiefly,1,Normal,,,40,45,40,55,40,84,304
710,743,Ribombee,1,Normal,,,60,55,60,95,70,124,464
711,744,Rockruff,1,Normal,,,45,65,40,30,40,60,280
712,745,Lycanroc (Midday Form),1,Normal,,,75,115,65,55,65,112,487
713,745,Lycanroc (Midnight Form),1,Normal,,,85,115,75,55,75,82,487
714,746,Wishiwashi,1,Normal,,,45,20,20,25,25,40,175
715,747,Mareanie,1,Normal,,,50,53,62,43,52,45,305
716,748,Toxapex,1,Normal,,,50,63,152,53,142,35,495
717,749,Mudbray,1,Normal,,,70,100,70,45,55,45,385
718,750,Mudsdale,1,Normal,,,100,125,100,55,85,35,500
719,751,Dewpider,1,Normal,,,38,40,52,40,72,27,269
720,752,Araquanid,1,Normal,,,68,70,92,50,132,42,454
721,753,Fomantis,1,Normal,,,40,55,35,50,35,35,250
722,754,Lurantis,1,Normal,,,70,105,90,80,90,45,480
723,755,Morelull,1,Normal,,,40,35,55,65,75,15,285
724,756,Shiinotic,1,Normal,,,60,45,80,90,100,30,405
725,757,Salandit,1,Normal,,,48,44,40,71,40,77,320
726,758,Salazzle,1,Normal,,,68,64,60,111,60,117,480
727,759,Stufful,1,Normal,,,70,75,50,45,50,50,340
728,760,Bewear,1,Normal,,,120,125,80,55,60,60,500
729,761,Bounsweet,1,Normal,,,42,30,38,30,38,32,210
730,762,Steenee,1,Normal,,,52,40,48,40,48,62,290
731,763,Tsareena,1,Normal,,,72,120,98,50,98,72,510
732,764,Comfey,1,Normal,,,51,52,90,82,110,100,485
733,765,Oranguru,1,Normal,,,90,60,80,90,110,60,490
734,766,Passimian,1,Normal,,,100,120,90,40,60,80,490
735,767,Wimpod,1,Normal,,,25,35,40,20,30,80,230
736,768,Golisopod,1,Normal,,,75,125,140,60,90,40,530
737,769,Sandygast,1,Normal,,,55,55,80,70,45,15,320
738,770,Palossand,1,Normal,,,85,75,110,100,75,35,480
739,771,Pyukumuku,1,Normal,,,55,60,130,30,130,5,410
740,772,Type: Null,1,Normal,,,95,95,95,95,95,59,534
741,774,Minior (Core),1,Normal,,,60,100,60,100,60,120,500
742,774,Minior,1,Normal,,,60,60,100,60,100,60,440
743,775,Komala,1,Normal,,,65,115,65,75,95,65,480
744,776,Turtonator,1,Normal,,,60,78,135,91,85,36,485
745,777,Togedemaru,1,Normal,,,65,98,63,40,73,96,435
746,778,Mimikyu,1,Normal,,,55,90,80,50,105,96,476
747,779,Bruxish,1,Normal,,,68,105,70,70,70,92,475
748,780,Drampa,1,Normal,,,78,60,85,135,91,36,485
749,781,Dhelmise,1,Normal,,,70,131,100,86,90,40,517
750,782,Jangmo-o,1,Normal,,,45,55,65,45,45,45,300
751,783,Hakamo-o,1,Normal,,,55,75,90,65,70,65,420
752,789,Cosmog,1,Normal,,,43,29,31,29,31,37,200
753,790,Cosmoem,1,Normal,,,43,29,131,29,131,37,400
754,803,Poipole,1,Normal,,,67,73,67,73,67,73,420
755,804,Naganadel,1,Normal,,,73,73,73,127,73,121,540
756,808,Meltan,1,Normal,,,46,65,65,55,35,34,300
757,810,Grookey,1,Normal,,,50,65,50,40,40,65,310
758,811,Thwackey,1,Normal,,,70,85,70,55,60,80,420
759,812,Rillaboom,1,Normal,,,100,125,90,60,70,85,530
760,813,Scorbunny,1,Normal,,,50,71,40,40,40,69,310
761,814,Raboot,1,Normal,,,65,86,60,55,60,94,420
762,815,Cinderace,1,Normal,,,80,116,75,65,75,119,530
763,816,Sobble,1,Normal,,,50,40,40,70,40,70,310
764,817,Drizzile,1,Normal,,,65,60,55,95,55,90,420
765,818,Inteleon,1,Normal,,,70,85,65,125,65,120,530
766,819,Skwovet,1,Normal,,,70,55,55,35,35,25,275
767,820,Greedent,1,Normal,,,120,95,95,55,75,20,460
768,821,Rookidee,1,Normal,,,38,47,35,33,35,57,245
769,822,Corvisquire,1,Normal,,,68,67,55,43,55,77,365
770,823,Corviknight,1,Normal,,,98,87,105,53,85,67,495
771,824,Blipbug,1,Normal,,,25,20,20,25,45,45,180
772,825,Dottler,1,Normal,,,50,35,80,50,90,30,335
773,826,Orbeetle,1,Normal,,,60,45,110,80,120,90,505
774,827,Nickit,1,Normal,,,40,28,28,47,52,50,245
775,828,Thievul,1,Normal,,,70,58,58,87,92,90,455
776,829,Gossifleur,1,Normal,,,40,40,60,40,60,10,250
777,830,Eldegoss,1,Normal,,,60,50,90,80,120,60,460
778,831,Wooloo,1,Normal,,,42,40,55,40,45,48,270
779,832,Dubwool,1,Normal,,,72,80,100,60,90,88,490
780,833,Chewtle,1,Normal,,,50,64,50,38,38,44,284
781,834,Drednaw,1,Normal,,,90,115,90,48,68,74,485
782,835,Yamper,1,Normal,,,59,45,50,40,50,26,270
783,836,Boltund,1,Normal,,,69,90,60,90,60,121,490
784,837,Rolycoly,1,Normal,,,30,40,50,40,50,30,240
785,838,Carkol,1,Normal,,,80,60,90,60,70,50,410
786,839,Coalossal,1,Normal,,,110,80,120,80,90,30,510
787,840,Applin,1,Normal,,,40,40,80,40,40,20,260
788,841,Flapple,1,Normal,,,70,110,80,95,60,70,485
789,842,Appletun,1,Normal,,,110,85,80,100,80,30,485
790,843,Silicobra,1,Normal,,,52,57,75,35,50,46,315
791,844,Sandaconda,1,Normal,,,72,107,125,65,70,71,510
792,845,Cramorant,1,Normal,,,70,85,55,85,95,85,475
793,846,Arrokuda,1,Normal,,,41,63,40,40,30,66,280
794,847,Barraskewda,1,Normal,,,61,123,60,60,50,136,490
795,848,Toxel,1,Normal,,,40,38,35,54,35,40,242
796,849,Toxtricity,1,Normal,,,75,98,70,114,70,75,502
797,850,Sizzlipede,1,Normal,,,50,65,45,50,50,45,305
798,851,Centiskorch,1,Normal,,,100,115,65,90,90,65,525
799,852,Clobbopus,1,Normal,,,50,68,60,50,50,32,310
800,853,Grapploct,1,Normal,,,80,118,90,70,80,42,480
801,854,Sinistea,1,Normal,,,40,45,45,74,54,50,308
802,855,Polteageist,1,Normal,,,60,65,65,134,114,70,508
803,856,Hatenna,1,Normal,,,42,30,45,56,53,39,265
804,857,Hattrem,1,Normal,,,57,40,65,86,73,49,370
805,858,Hatterene,1,Normal,,,57,90,95,136,103,29,510
806,859,Impidimp,1,Normal,,,45,45,30,55,40,50,265
807,860,Morgrem,1,Normal,,,65,60,45,75,55,70,370
808,861,Grimmsnarl,1,Normal,,,95,120,65,95,75,60,510
809,862,Obstagoon,1,Normal,,,93,90,101,60,81,95,520
810,863,Perrserker,1,Normal,,,70,110,100,50,60,50,440
811,864,Cursola,1,Normal,,,60,95,50,145,130,30,510
812,865,Sirfetch'd,1,Normal,,,62,135,95,68,82,65,507
813,866,Mr. Rime,1,Normal,,,80,85,75,110,100,70,520
814,867,Runerigus,1,Normal,,,58,95,145,50,105,30,483
815,868,Milcery,1,Normal,,,45,40,40,50,61,34,270
816,869,Alcremie,1,Normal,,,65,60,75,110,121,64,495
817,870,Falinks,1,Normal,,,65,100,100,70,60,75,470
818,871,Pincurchin,1,Normal,,,48,101,95,91,85,15,435
819,872,Snom,1,Normal,,,30,25,35,45,30,20,185
820,873,Frosmoth,1,Normal,,,70,65,60,125,90,65,475
821,874,Stonjourner,1,Normal,,,100,125,135,20,20,70,470
822,875,Eiscue (Noice Face),1,Normal,,,75,80,70,65,50,130,470
823,875,Eiscue (Ice Face),1,Normal,,,75,80,110,65,90,50,470
824,876,Indeedee (Male),1,Normal,,,60,65,55,105,95,95,475
825,876,Indeedee (Female),1,Normal,,,70,55,65,95,105,85,475
826,877,Morpeko,1,Normal,,,58,95,58,70,58,97,436
827,878,Cufant,1,Normal,,,72,80,49,40,49,40,330
828,879,Copperajah,1,Normal,,,122,130,69,80,69,30,500
829,880,Dracozolt,1,Normal,,,90,100,90,80,70,75,505
830,881,Arctozolt,1,Normal,,,90,100,90,90,80,55,505
831,882,Dracovish,1,Normal,,,90,90,100,70,80,75,505
832,883,Arctovish,1,Normal,,,90,90,100,80,90,55,505
833,884,Duraludon,1,Normal,,,70,95,115,120,50,85,535
834,885,Dreepy,1,Normal,,,28,60,30,40,30,82,270
835,886,Drakloak,1,Normal,,,68,80,50,60,50,102,410
836,891,Kubfu,1,Normal,,,60,90,60,53,50,72,385
837,892,Urshifu (Single Strike Style),1,Normal,,,100,130,100,63,60,97,550
838,892,Urshifu (Rapid Strike Style),1,Normal,,,100,130,100,63,60,97,550